<?xml version="1.0" encoding="UTF-8" ?>
<odoo>
    <data>
        <record model="ir.module.category" id="certificates_licenses_expiry">
            <field name="name">Certificates Licenses Expiry</field>
            <field name="description">Access For Certificates Licenses Expiry Module
            </field>
            <field name="sequence">10</field>
        </record>
        <record id="certificates_licenses_expiry_customer_access" model="res.groups">
            <field name="name">Customer</field>
<!--            <field name="domain_force">[('customer_id','=','login_user_id')]</field>-->
            <field name="category_id" ref="certificates_licenses_expiry.certificates_licenses_expiry"/>
        </record>
        <record id="certificates_licenses_expiry_manager_access" model="res.groups">
            <field name="name">Manager</field>
            <field name="category_id" ref="certificates_licenses_expiry.certificates_licenses_expiry"/>
            <field name="implied_ids" eval="[(4, ref('certificates_licenses_expiry_customer_access'))]"/>
        </record>
    </data>
</odoo>
