<?xml version="1.0" encoding="UTF-8"?>
<templates id="template" xml:space="preserve">
    <t t-name="ListHeadTemplate" t-inherit="web.ListRenderer" t-inherit-mode="extension" owl="1">
        <xpath expr="//th[hasclass('o_list_record_selector')]" position="after">
           <th>
                <td>Color</td>
            </th>
        </xpath>
    </t>
    <t t-name="ListColorTemplate" t-inherit="web.ListRenderer.RecordRow" t-inherit-mode="extension" owl="1">
        <xpath expr="//td[hasclass('o_list_record_selector')]" position="after">
            <td class="not_display" t-att-data-id="record.resId" style="display:none">
            </td>
           <td class="color_picker_checkbox">
                <input type="color" value="#e7d8d5" class="row_color_pick" name="row_color_value" style="width:20px;border: 1px;height: 20px;" t-on-change="(ev) => this.color_pick(ev, record)"/>
            </td>
        </xpath>
    </t>
</templates>