id,name,model_id:id,group_id:id,perm_read,perm_write,perm_create,perm_unlink
access_trash_management,trash.management,model_trash_management,base.group_user,1,1,1,1
access_trash_order_line,trash.order.line,model_trash_order_line,base.group_user,1,1,1,1

access_purchase_trash,purchase.trash,model_purchase_trash,base.group_user,1,1,1,1
access_purchase_trash_order_line,purchase.trash.order.line,model_purchase_trash_order_line,base.group_user,1,1,1,1

access_invoice_trash,invoice.trash,model_invoice_trash,base.group_user,1,1,1,1
access_invoice_trash_order_line,invoice.trash.order.line,model_invoice_trash_order_line,base.group_user,1,1,1,1

access_inventory_trash,inventory.trash,model_inventory_trash,base.group_user,1,1,1,1
access_inventory_trash_order_line,inventory.trash.order.line,model_inventory_trash_order_line,base.group_user,1,1,1,1

access_batch_wave_trash,batch.wave.trash,model_batch_wave_trash,base.group_user,1,1,1,1
access_batch_wave_trash_order_line,batch.wave.trash.order.line,model_batch_wave_trash_order_line,base.group_user,1,1,1,1

access_scrap_trash,scrap.trash,model_scrap_trash,base.group_user,1,1,1,1

access_landed_cost_trash,landed.cost.trash,model_landed_cost_trash,base.group_user,1,1,1,1
access_landed_cost_trash_order_line,landed.cost.trash.order.line,model_landed_cost_trash_order_line,base.group_user,1,1,1,1



